"Title","first_url","ImdbId"
"10 Things I Hate About You","https://image.tmdb.org/t/p/original/ujERk3aKABXU3NDXOAxEQYTHe9A.jpg","tt0147800"
"101 Dalmatians","https://image.tmdb.org/t/p/original/8o2ADoAyG796UwTjwBFjPyBz0yG.jpg","tt0115433"
"Ghost Ship","https://image.tmdb.org/t/p/original/kIlzZJqV4SCGHrrjoGLBhmsO7z2.jpg","tt0288477"
"The Fourth Kind","https://image.tmdb.org/t/p/original/vfnsGUwurUQqlpvArBvUVc9rYXa.jpg","tt1220198"
"Rogue","https://image.tmdb.org/t/p/original/ebpGDRa8H6jyWq6eCNbMRGnAC7r.jpg","tt0479528"
"Marty Supreme","https://image.tmdb.org/t/p/original/firAhZA0uQvRL2slp7v3AnOj0ZX.jpg","tt32916440"
"Valentine's Day","https://image.tmdb.org/t/p/original/qOTcfD2DdnOTmhH0r1TOE09VvNh.jpg","tt0817230"
"Send Help","https://image.tmdb.org/t/p/original/kL4MgAIZIYX3sCeG34N0XfVhCtt.jpg","tt8036976"
"For Goodness Sake","https://image.tmdb.org/t/p/original/vLNWksxPlf670mzDTKQTlW8KdrY.jpg","tt0205945"
"Breaking Boundaries: The Science of Our Planet","https://image.tmdb.org/t/p/original/kRs7kdlw06DVkxOVidWloqZ3HCw.jpg","tt14539726"
"Ocean with David Attenborough","https://image.tmdb.org/t/p/original/oAKzcqUCP3EK7rgAx9Jj8Futv8O.jpg","tt33022710"
"Timelapse of the Future: A Journey to the End of Time","https://image.tmdb.org/t/p/original/ApbpSs3hah8O8YcBWGNDVmpFzbE.jpg","tt10460106"